{
  "mu": 1.405818,
  "attack": {
    "Afghanistan": 1.293936,
    "Albania": 0.95729,
    "Algeria": 2.106791,
    "Andorra": 0.507116,
    "Angola": 0.608303,
    "Anguilla": 0.406331,
    "Antigua and Barbuda": 0.018462,
    "Argentina": 2.672314,
    "Armenia": 0.785507,
    "Aruba": 0.351527,
    "Australia": 1.734754,
    "Austria": 2.119647,
    "Azerbaijan": 0.877553,
    "Bahamas": 0.199708,
    "Bahrain": 0.862857,
    "Bangladesh": 0.084521,
    "Barbados": 0.574916,
    "Basque Country": 1.315955,
    "Belarus": 1.196573,
    "Belgium": 2.51541,
    "Belize": 0.172356,
    "Benin": 0.715718,
    "Bermuda": 0.706761,
    "Bolivia": 1.515842,
    "Bonaire": 0.695508,
    "Bosnia-Herzegovina": 1.162861,
    "Botswana": 0.937285,
    "Brazil": 2.59183,
    "British Virgin Islands": 0.031594,
    "Brunei": 0.037366,
    "Bulgaria": 0.61264,
    "Burkina Faso": 0.891806,
    "Burundi": 0.054036,
    "Cambodia": 0.535569,
    "Cameroon": 1.223361,
    "Canada": 1.700273,
    "Cape Verde": 1.308633,
    "Cayman Islands": 0.016664,
    "Central African Republic": 0.615713,
    "Chad": 0.218873,
    "Chile": 1.22866,
    "China": 0.723598,
    "Colombia": 2.773372,
    "Comoros": 1.256768,
    "Congo": 0.273034,
    "Costa Rica": 1.18059,
    "Croatia": 2.227793,
    "Cuba": 0.570018,
    "Curaçao": 1.048683,
    "Cyprus": 0.083702,
    "Czechia": 1.735545,
    "DR Congo": 1.305747,
    "Denmark": 2.420455,
    "Djibouti": 0.038027,
    "Dominica": 1.536251,
    "Dominican Republic": 0.878671,
    "Ecuador": 1.422353,
    "Egypt": 1.285654,
    "El Salvador": 0.316508,
    "England": 2.815755,
    "Equatorial Guinea": 1.097277,
    "Estonia": 0.359965,
    "Eswatini": 0.055642,
    "Ethiopia": 0.449619,
    "Faroe Islands": 0.858306,
    "Fiji": 0.060176,
    "Finland": 0.849677,
    "France": 2.75801,
    "French Guiana": 0.826984,
    "Gabon": 1.158208,
    "Galicia": 0.368281,
    "Gambia": 0.714089,
    "Georgia": 1.38278,
    "Germany": 3.082417,
    "Ghana": 1.588248,
    "Gibraltar": 0.024145,
    "Greece": 1.917062,
    "Grenada": 0.535294,
    "Guadeloupe": 1.385584,
    "Guatemala": 0.819507,
    "Guinea": 0.950155,
    "Guinea-Bissau": 0.451433,
    "Guyana": 0.180509,
    "Haiti": 1.120548,
    "Honduras": 0.889218,
    "Hong Kong": 0.732078,
    "Hungary": 1.981305,
    "Iceland": 1.829166,
    "India": 0.055661,
    "Indonesia": 0.970306,
    "Iran": 1.824616,
    "Iraq": 1.052395,
    "Ireland": 1.288613,
    "Israel": 1.623865,
    "Italy": 2.407185,
    "Ivory Coast": 1.134837,
    "Jamaica": 0.858003,
    "Japan": 2.422808,
    "Jordan": 1.579021,
    "Kazakhstan": 0.953323,
    "Kenya": 0.179052,
    "Kosovo": 1.97018,
    "Kuwait": 0.837025,
    "Kyrgyzstan": 1.36866,
    "Laos": 1.902081,
    "Latvia": 0.592352,
    "Lebanon": 0.117403,
    "Lesotho": 1.463719,
    "Liberia": 0.612728,
    "Libya": 1.582428,
    "Liechtenstein": 0.015337,
    "Lithuania": 1.231144,
    "Luxembourg": 0.192579,
    "Madagascar": 1.213149,
    "Malawi": 0.177372,
    "Malaysia": 1.016523,
    "Maldives": 0.553166,
    "Mali": 1.393074,
    "Malta": 0.416653,
    "Martinique": 0.658819,
    "Mauritania": 0.276863,
    "Mauritius": 0.011308,
    "Mexico": 1.587505,
    "Moldova": 0.263188,
    "Mongolia": 0.526608,
    "Montenegro": 1.862411,
    "Montserrat": 0.715827,
    "Morocco": 1.962144,
    "Mozambique": 0.741992,
    "Myanmar": 0.051445,
    "Namibia": 0.780451,
    "Nepal": 0.120574,
    "Netherlands": 2.747662,
    "New Caledonia": 0.039793,
    "New Zealand": 1.300887,
    "Nicaragua": 0.481202,
    "Niger": 1.068738,
    "Nigeria": 1.747745,
    "North Korea": 0.674822,
    "North Macedonia": 0.614264,
    "Northern Ireland": 1.009316,
    "Norway": 1.499245,
    "Oman": 0.735776,
    "Pakistan": 0.023645,
    "Palestine": 0.826039,
    "Panama": 1.333587,
    "Papua New Guinea": 0.292707,
    "Paraguay": 1.610623,
    "Peru": 0.884668,
    "Philippines": 0.326366,
    "Poland": 1.766298,
    "Portugal": 2.982327,
    "Puerto Rico": 0.186095,
    "Qatar": 1.656583,
    "Romania": 1.048693,
    "Russia": 1.376307,
    "Rwanda": 0.404361,
    "Saint Kitts and Nevis": 0.602038,
    "Saint Lucia": 0.488097,
    "Saint Martin": 0.09075,
    "Saint Vincent and the Grenadines": 0.847854,
    "Samoa": 0.086574,
    "San Marino": 0.066664,
    "Saudi Arabia": 0.978571,
    "Scotland": 1.894167,
    "Senegal": 2.165893,
    "Serbia": 1.590434,
    "Seychelles": 0.060348,
    "Sierra Leone": 0.821418,
    "Singapore": 0.123646,
    "Sint Maarten": 0.047706,
    "Slovakia": 1.519849,
    "Slovenia": 0.761351,
    "Solomon Islands": 0.165404,
    "Somalia": 0.279661,
    "South Africa": 1.365037,
    "South Korea": 1.698438,
    "South Sudan": 0.571479,
    "Spain": 3.442133,
    "Sri Lanka": 0.334137,
    "Sudan": 0.328272,
    "Suriname": 0.768556,
    "Sweden": 2.069777,
    "Switzerland": 2.626577,
    "Syria": 0.267966,
    "São Tomé and Príncipe": 0.476794,
    "Tahiti": 0.058698,
    "Taiwan": 0.323505,
    "Tajikistan": 0.564585,
    "Tanzania": 0.289905,
    "Thailand": 0.90293,
    "Timor-Leste": 0.60162,
    "Togo": 0.285492,
    "Trinidad and Tobago": 0.822633,
    "Tunisia": 1.293856,
    "Turkey": 2.295165,
    "Turkmenistan": 0.662133,
    "Turks and Caicos Islands": 0.254989,
    "USA": 1.731978,
    "Uganda": 1.175301,
    "Ukraine": 1.718628,
    "United Arab Emirates": 0.707906,
    "United States Virgin Islands": 0.644671,
    "Uruguay": 1.708438,
    "Uzbekistan": 1.295417,
    "Vanuatu": 0.654541,
    "Venezuela": 1.89528,
    "Vietnam": 0.437412,
    "Wales": 1.933356,
    "Yemen": 1.267718,
    "Zambia": 1.262033,
    "Zimbabwe": 0.989049
  },
  "defense": {
    "Afghanistan": 1.339621,
    "Albania": 0.290427,
    "Algeria": 0.391716,
    "Andorra": 0.513434,
    "Angola": 0.326292,
    "Anguilla": 3.781587,
    "Antigua and Barbuda": 1.042571,
    "Argentina": 0.165514,
    "Armenia": 0.972179,
    "Aruba": 2.123469,
    "Australia": 0.286173,
    "Austria": 0.362697,
    "Azerbaijan": 0.537757,
    "Bahamas": 3.876059,
    "Bahrain": 0.60649,
    "Bangladesh": 1.10184,
    "Barbados": 1.5029,
    "Basque Country": 0.395473,
    "Belarus": 0.672248,
    "Belgium": 0.31606,
    "Belize": 1.748162,
    "Benin": 0.684119,
    "Bermuda": 1.96384,
    "Bolivia": 0.533717,
    "Bonaire": 1.333014,
    "Bosnia-Herzegovina": 0.479337,
    "Botswana": 0.671484,
    "Brazil": 0.233127,
    "British Virgin Islands": 1.325495,
    "Brunei": 3.064734,
    "Bulgaria": 0.61399,
    "Burkina Faso": 0.37344,
    "Burundi": 0.554439,
    "Cambodia": 2.623327,
    "Cameroon": 0.350232,
    "Canada": 0.312221,
    "Cape Verde": 0.527832,
    "Cayman Islands": 1.456677,
    "Central African Republic": 0.743541,
    "Chad": 1.267066,
    "Chile": 0.38838,
    "China": 0.678461,
    "Colombia": 0.280068,
    "Comoros": 0.736792,
    "Congo": 0.624953,
    "Costa Rica": 0.494647,
    "Croatia": 0.26265,
    "Cuba": 1.070976,
    "Curaçao": 0.524747,
    "Cyprus": 0.457126,
    "Czechia": 0.432985,
    "DR Congo": 0.287923,
    "Denmark": 0.304663,
    "Djibouti": 1.514781,
    "Dominica": 1.858243,
    "Dominican Republic": 0.782659,
    "Ecuador": 0.129393,
    "Egypt": 0.305065,
    "El Salvador": 0.557263,
    "England": 0.14524,
    "Equatorial Guinea": 0.402881,
    "Estonia": 0.610279,
    "Eswatini": 0.729392,
    "Ethiopia": 0.717568,
    "Faroe Islands": 0.461794,
    "Fiji": 2.131347,
    "Finland": 0.462659,
    "France": 0.213283,
    "French Guiana": 0.821538,
    "Gabon": 0.764883,
    "Galicia": 0.970435,
    "Gambia": 0.595961,
    "Georgia": 0.516633,
    "Germany": 0.2836,
    "Ghana": 0.430774,
    "Gibraltar": 1.094348,
    "Greece": 0.474433,
    "Grenada": 1.117537,
    "Guadeloupe": 1.16086,
    "Guatemala": 0.672712,
    "Guinea": 0.262231,
    "Guinea-Bissau": 0.442358,
    "Guyana": 0.874912,
    "Haiti": 0.750476,
    "Honduras": 0.511953,
    "Hong Kong": 0.934402,
    "Hungary": 0.39904,
    "Iceland": 0.563506,